Handle,Title,Body (HTML),Vendor,Product Category,Type,Tags,Published,Option1 Name,Option1 Value,Option2 Name,Option2 Value,Option3 Name,Option3 Value,Variant SKU,Variant Grams,Variant Inventory Tracker,Variant Inventory Qty,Variant Inventory Policy,Variant Fulfillment Service,Variant Price,Variant Compare At Price,Variant Requires Shipping,Variant Taxable,Variant Barcode,Image Src,Image Position,Image Alt Text,Gift Card,SEO Title,SEO Description,Google Shopping / Google Product Category,Google Shopping / Gender,Google Shopping / Age Group,Google Shopping / MPN,Google Shopping / AdWords Grouping,Google Shopping / AdWords Labels,Google Shopping / Condition,Google Shopping / Custom Product,Google Shopping / Custom Label 0,Google Shopping / Custom Label 1,Google Shopping / Custom Label 2,Google Shopping / Custom Label 3,Google Shopping / Custom Label 4,Variant Image,Variant Weight Unit,Variant Tax Code,Cost per item,Included / Australia,Included / International,Price / International,Compare At Price / International,Status
the-easy-chino,Trousers With Slant Pockets,"<span>Getting dressed just got easier. We took our best-selling Easy Pant and made it in lightweight cotton twill, so it features the same pull-on waistband and tapered leg as our original.</span>",Everlane,,Pants,"gray, women",true,Title,Default Title,,,,,xxeasy,0.0,shopify,10000,deny,manual,49.00,39.00,true,true,"",https://cdn.shopify.com/s/files/1/0673/3185/0545/products/product11_e3e2ab5f-3dd6-4270-9a09-8b4efbeb86f3.jpg?v=1676481143,1,,false,,,,,,,,,,,,,,,,,kg,,,true,true,,,active
the-easy-chino,,,,,,,,,,,,,,,,,,,,,,,,,https://cdn.shopify.com/s/files/1/0673/3185/0545/products/product12_e7c9ce47-cc83-4335-b2ba-f0566992d7a9.jpg?v=1676481153,2,,,,,,,,,,,,,,,,,,,,,,,,,,
the-easy-chino,,,,,,,,,,,,,,,,,,,,,,,,,https://cdn.shopify.com/s/files/1/0673/3185/0545/products/product13_b98732fa-6381-428e-9903-d4d4736850c1.jpg?v=1676481153,3,,,,,,,,,,,,,,,,,,,,,,,,,,
the-easy-chino,,,,,,,,,,,,,,,,,,,,,,,,,https://cdn.shopify.com/s/files/1/0673/3185/0545/products/product14_8ed67fab-b2f9-43b2-992c-11ad7679ceed.jpg?v=1676481153,4,,,,,,,,,,,,,,,,,,,,,,,,,,
the-easy-chino,,,,,,,,,,,,,,,,,,,,,,,,,https://cdn.shopify.com/s/files/1/0673/3185/0545/products/product15.jpg?v=1676481154,5,,,,,,,,,,,,,,,,,,,,,,,,,,
short-sleeve-shirt,Solid Sleeveless Tunic,"<span>Light and easy. The Clean Silk Square Shirt has a classic button-down front and boxier, looser fit. Plus—it’s made of our eco-conscious Clean Silk, for more beauty and less waste. </span><a href=""https://www.everlane.com/silk"">Here’s how.</a>",lettashopping,,"","organic-cotton, small, tiny, video, yellow",true,Title,Default Title,,,,,SKEIL,0.0,shopify,9,deny,manual,49.00,,true,true,"",https://cdn.shopify.com/s/files/1/0673/3185/0545/products/product16_37397473-9768-465e-87cc-d6568e1efe30.jpg?v=1676481350,1,,false,,,,,,,,,,,,,,,,,kg,,,true,true,,,active
short-sleeve-shirt,,,,,,,,,,,,,,,,,,,,,,,,,https://cdn.shopify.com/s/files/1/0673/3185/0545/products/above-footer1.jpg?v=1676481373,2,,,,,,,,,,,,,,,,,,,,,,,,,,
short-sleeve-shirt,,,,,,,,,,,,,,,,,,,,,,,,,https://cdn.shopify.com/s/files/1/0673/3185/0545/products/product17_82287da7-a827-4b9c-a3f6-2bf9febb13c5.jpg?v=1676481374,3,,,,,,,,,,,,,,,,,,,,,,,,,,
short-sleeve-shirt,,,,,,,,,,,,,,,,,,,,,,,,,https://cdn.shopify.com/s/files/1/0673/3185/0545/products/product18_34b50dc6-f124-4bfb-93ea-382cb62753d0.jpg?v=1676481377,4,,,,,,,,,,,,,,,,,,,,,,,,,,
short-sleeve-shirt,,,,,,,,,,,,,,,,,,,,,,,,,https://cdn.shopify.com/s/files/1/0673/3185/0545/products/product19_8eb766f0-3587-4937-9ca2-47dde93c916e.jpg?v=1676481377,5,,,,,,,,,,,,,,,,,,,,,,,,,,
renew-transit-backpack,Formal Fluex Kurti,"<p><span>Our most functional, travel-friendly backpack. The ReNew Transit Backpack features an exterior laptop pocket for easy TSA access, catch-all zip pockets for passports and tickets, interior slip pockets for magazines and notebooks, two water bottle holders, a handy magnetic closure, and a pass-through strap that attaches to rolling luggage.</span></p>",partners-demo,,"","green, men, silver",true,Title,Default Title,,,,,MNBJJU,0.0,shopify,1000,deny,manual,80.00,,true,true,"",https://cdn.shopify.com/s/files/1/0673/3185/0545/products/product18_441f0516-f22a-48c8-bc0a-fd8593e0ca0c.jpg?v=1676481444,1,,false,,,,,,,,,,,,,,,,,kg,,,true,true,,,active
renew-transit-backpack,,,,,,,,,,,,,,,,,,,,,,,,,https://cdn.shopify.com/s/files/1/0673/3185/0545/products/above-footer1_87c454ec-a14f-4843-8830-0c9c66847394.jpg?v=1676481453,2,,,,,,,,,,,,,,,,,,,,,,,,,,
renew-transit-backpack,,,,,,,,,,,,,,,,,,,,,,,,,https://cdn.shopify.com/s/files/1/0673/3185/0545/products/above-footer2_d442c749-81f3-47bb-9508-9d42a7351ac5.jpg?v=1676481453,3,,,,,,,,,,,,,,,,,,,,,,,,,,
renew-transit-backpack,,,,,,,,,,,,,,,,,,,,,,,,,https://cdn.shopify.com/s/files/1/0673/3185/0545/products/above-footer3.jpg?v=1676481453,4,,,,,,,,,,,,,,,,,,,,,,,,,,
renew-transit-backpack,,,,,,,,,,,,,,,,,,,,,,,,,https://cdn.shopify.com/s/files/1/0673/3185/0545/products/product19_ee115c4e-98ab-4885-a9b2-0d4a29882ff6.jpg?v=1676481453,5,,,,,,,,,,,,,,,,,,,,,,,,,,
straight-leg-crop,Collot Full Dress,"<p><span>Our most flattering pant—now with a straight leg. The Straight Leg Crop has a waist-nipping high rise and a cropped leg—meaning, we took the fit of our bestselling Wide Leg Crop and made it in a cool, straight fit. Plus, each pair is garment-dyed for a soft, broken-in feel.</span></p>",partners-demo,,"","white, women",true,Title,Default Title,,,,,CADFF,0.0,shopify,1000,deny,manual,73.00,,true,true,"",https://cdn.shopify.com/s/files/1/0673/3185/0545/products/product19_ae18e82a-0171-4c6e-93ae-81c32aa51fb0.jpg?v=1676481470,1,,false,,,,,,,,,,,,,,,,,kg,,,true,true,,,active
straight-leg-crop,,,,,,,,,,,,,,,,,,,,,,,,,https://cdn.shopify.com/s/files/1/0673/3185/0545/products/above-footer1_9067060b-8d8d-4a18-8e68-da7a05c1685a.jpg?v=1676481479,2,,,,,,,,,,,,,,,,,,,,,,,,,,
straight-leg-crop,,,,,,,,,,,,,,,,,,,,,,,,,https://cdn.shopify.com/s/files/1/0673/3185/0545/products/above-footer2_9455df41-52ee-4b06-943f-d1489436c1b7.jpg?v=1676481480,3,,,,,,,,,,,,,,,,,,,,,,,,,,
straight-leg-crop,,,,,,,,,,,,,,,,,,,,,,,,,https://cdn.shopify.com/s/files/1/0673/3185/0545/products/above-footer3_65863967-5bd4-4e2f-b160-731979a2d0fb.jpg?v=1676481480,4,,,,,,,,,,,,,,,,,,,,,,,,,,
straight-leg-crop,,,,,,,,,,,,,,,,,,,,,,,,,https://cdn.shopify.com/s/files/1/0673/3185/0545/products/above-footer4.jpg?v=1676481480,5,,,,,,,,,,,,,,,,,,,,,,,,,,
lunchbox-bag,Matte Liquid Lipstick - Taunt,"<p><span>Secretly functional, yet obviously cute—because your bag shouldn't just look pretty. Made of premium Italian leather with hand-tacked stitching, the Lunchbox Bag features an adjustable crossbody strap and a clutch-style handle for added accessibility. Plus, it has three interior compartments and two snap closures to keep your essentials (and snacks) organized.</span></p>",partners-demo,,"",women,true,Title,Default Title,,,,,VGGBMN,0.0,shopify,1000,deny,manual,55.00,,true,true,"",https://cdn.shopify.com/s/files/1/0673/3185/0545/products/product14_266c9625-d1c6-49b5-b89e-9c256711daba.jpg?v=1676481248,1,,false,,,,,,,,,,,,,,,,,kg,,,true,true,,,active
lunchbox-bag,,,,,,,,,,,,,,,,,,,,,,,,,https://cdn.shopify.com/s/files/1/0673/3185/0545/products/product15_8972fcb5-835c-4bdc-a027-dcd7309977a6.jpg?v=1676481278,2,,,,,,,,,,,,,,,,,,,,,,,,,,
lunchbox-bag,,,,,,,,,,,,,,,,,,,,,,,,,https://cdn.shopify.com/s/files/1/0673/3185/0545/products/product16_25c82571-4018-46ed-9e04-55e1be424ad9.jpg?v=1676481278,3,,,,,,,,,,,,,,,,,,,,,,,,,,
lunchbox-bag,,,,,,,,,,,,,,,,,,,,,,,,,https://cdn.shopify.com/s/files/1/0673/3185/0545/products/product17_e6a87314-20f9-46fc-8d4d-8d450abaaafd.jpg?v=1676481278,4,,,,,,,,,,,,,,,,,,,,,,,,,,
lunchbox-bag,,,,,,,,,,,,,,,,,,,,,,,,,https://cdn.shopify.com/s/files/1/0673/3185/0545/products/product18.jpg?v=1676481278,5,,,,,,,,,,,,,,,,,,,,,,,,,,
thong-sandal,Solid Sleeveless Knitted Top,<p>Blue silk tuxedo with marbled aquatic pattern and dark lining. Sleeves are complete with rounded hem and black buttons.</p>,partners-demo,,shoes,"gray, linen, women",true,Size,6,Color,black,,,"",0.0,,1,deny,manual,70.00,,true,true,"",https://cdn.shopify.com/s/files/1/0673/3185/0545/products/product15_156e3bf5-7bdd-484c-bb26-74a8913062e6.jpg?v=1676481302,1,,false,,,,,,,,,,,,,,,,,kg,,,true,true,,,active
thong-sandal,,,,,,,,,6,,red,,,"",0.0,,0,deny,manual,70.00,,true,true,"",https://cdn.shopify.com/s/files/1/0673/3185/0545/products/product16_187da1e0-55ec-428a-adf1-213fb18a0230.jpg?v=1676481323,2,,,,,,,,,,,,,,,,,,,kg,,,,,,,
thong-sandal,,,,,,,,,6,,orange,,,"",0.0,,0,deny,manual,70.00,,true,true,"",https://cdn.shopify.com/s/files/1/0673/3185/0545/products/product17_898cd04a-d033-452a-83a2-1beb65d3e075.jpg?v=1676481324,3,,,,,,,,,,,,,,,,,,,kg,,,,,,,
thong-sandal,,,,,,,,,6.5,,black,,,"",0.0,,0,deny,manual,70.00,,true,true,"",https://cdn.shopify.com/s/files/1/0673/3185/0545/products/product18_6d6de7bf-7046-4417-ae5f-97d97052de49.jpg?v=1676481324,4,,,,,,,,,,,,,,,,,,,kg,,,,,,,
thong-sandal,,,,,,,,,6.5,,red,,,"",0.0,,0,deny,manual,70.00,,true,true,"",https://cdn.shopify.com/s/files/1/0673/3185/0545/products/product19.jpg?v=1676481324,5,,,,,,,,,,,,,,,,,,,kg,,,,,,,
thong-sandal,,,,,,,,,6.5,,orange,,,"",0.0,,0,deny,manual,70.00,,true,true,"",,,,,,,,,,,,,,,,,,,,,kg,,,,,,,
thong-sandal,,,,,,,,,7,,black,,,"",0.0,,0,deny,manual,70.00,,true,true,"",,,,,,,,,,,,,,,,,,,,,kg,,,,,,,
thong-sandal,,,,,,,,,7,,red,,,"",0.0,,0,deny,manual,70.00,,true,true,"",,,,,,,,,,,,,,,,,,,,,kg,,,,,,,
thong-sandal,,,,,,,,,7,,orange,,,"",0.0,,0,deny,manual,70.00,,true,true,"",,,,,,,,,,,,,,,,,,,,,kg,,,,,,,
thong-sandal,,,,,,,,,7.5,,black,,,"",0.0,,0,deny,manual,70.00,,true,true,"",,,,,,,,,,,,,,,,,,,,,kg,,,,,,,
thong-sandal,,,,,,,,,7.5,,red,,,"",0.0,,0,deny,manual,70.00,,true,true,"",,,,,,,,,,,,,,,,,,,,,kg,,,,,,,
thong-sandal,,,,,,,,,7.5,,orange,,,"",0.0,,0,deny,manual,70.00,,true,true,"",,,,,,,,,,,,,,,,,,,,,kg,,,,,,,
french-terry-hoodie,Trousers With Slant Pockets,"<p><span>To create our french terry fabric, we worked with a man called Six—an expert in fabric development. He thought our durability goals were crazy, but was down to give them a try. The result: a noticeably deluxe french terry that’s tightly spun for added durability, wear after wear after wear.</span></p>",partners-demo,,"","women, yellow",true,Title,Default Title,,,,,F34TGFT,0.0,shopify,1000,deny,manual,65.00,,true,true,"",https://cdn.shopify.com/s/files/1/0673/3185/0545/products/product10_06e3e82f-787c-4008-ac4a-00b6cce66a12.jpg?v=1676481111,1,,false,,,,,,,,,,,,,,,,,kg,,,true,true,,,active
french-terry-hoodie,,,,,,,,,,,,,,,,,,,,,,,,,https://cdn.shopify.com/s/files/1/0673/3185/0545/products/product11_1e1170fa-5885-483c-947a-b8c60a071ad3.jpg?v=1676481122,2,,,,,,,,,,,,,,,,,,,,,,,,,,
french-terry-hoodie,,,,,,,,,,,,,,,,,,,,,,,,,https://cdn.shopify.com/s/files/1/0673/3185/0545/products/product12_7c8190f1-6b2e-4219-a519-4a7d78795814.jpg?v=1676481122,3,,,,,,,,,,,,,,,,,,,,,,,,,,
french-terry-hoodie,,,,,,,,,,,,,,,,,,,,,,,,,https://cdn.shopify.com/s/files/1/0673/3185/0545/products/product13_9bda6aee-57d2-47e5-8091-aba6ddf2e3e1.jpg?v=1676481122,4,,,,,,,,,,,,,,,,,,,,,,,,,,
french-terry-hoodie,,,,,,,,,,,,,,,,,,,,,,,,,https://cdn.shopify.com/s/files/1/0673/3185/0545/products/product14.jpg?v=1676481122,5,,,,,,,,,,,,,,,,,,,,,,,,,,
renew-storm-jacket,Gored Top,"<p><span>Technical performance features, with a city-ready look. The ReNew Storm Jacket is a truly waterproof, breathable shell at a radically transparent price. The three-layer technical fabric has a micro-perforated middle layer with millions of pores that let heat escape—and keeps water out. Its super-clean look is complemented by smart design features like hood adjustment toggles for enhanced peripheral vision and a secure fit for windy conditions.</span></p>",partners-demo,,"","big, linen, women",true,Title,Default Title,,,,,BFRGRW,0.0,shopify,1000,deny,manual,68.00,,true,true,"",https://cdn.shopify.com/s/files/1/0673/3185/0545/products/product2_eff89ef2-8bf3-44c9-b78d-c834b1ef75a6.jpg?v=1676480582,1,,false,,,,,,,,,,,,,,,,,kg,,,true,true,,,active
renew-storm-jacket,,,,,,,,,,,,,,,,,,,,,,,,,https://cdn.shopify.com/s/files/1/0673/3185/0545/products/product3_8920346f-fc79-4c13-b879-8f3816e40378.jpg?v=1676480592,2,,,,,,,,,,,,,,,,,,,,,,,,,,
renew-storm-jacket,,,,,,,,,,,,,,,,,,,,,,,,,https://cdn.shopify.com/s/files/1/0673/3185/0545/products/product4_cf054064-ff16-43dc-804e-c673a668b02d.jpg?v=1676480592,3,,,,,,,,,,,,,,,,,,,,,,,,,,
renew-storm-jacket,,,,,,,,,,,,,,,,,,,,,,,,,https://cdn.shopify.com/s/files/1/0673/3185/0545/products/product5_fe779198-bc8c-4872-9beb-2b8c02a7004a.jpg?v=1676480592,4,,,,,,,,,,,,,,,,,,,,,,,,,,
renew-storm-jacket,,,,,,,,,,,,,,,,,,,,,,,,,https://cdn.shopify.com/s/files/1/0673/3185/0545/products/product6.jpg?v=1676480592,5,,,,,,,,,,,,,,,,,,,,,,,,,,
chino-short,Voluminous Draped Top,"<p><span>Finding the right short can be hard—we made it easy. Super lightweight with a comfortable elastic waist, the Easy Chino Short was designed in a casual, relaxed fit that’s not too short and not too long. Just pull on and go</span></p>",partners-demo,,"","red, women",true,Title,Default Title,,,,,"",0.0,,1,deny,manual,50.00,80.00,true,true,"",https://cdn.shopify.com/s/files/1/0673/3185/0545/products/product6_4c6c6c1b-3769-4970-8da1-3241b057e8c9.jpg?v=1676480950,1,,false,,,,,,,,,,,,,,,,,kg,,,true,true,,,active
chino-short,,,,,,,,,,,,,,,,,,,,,,,,,https://cdn.shopify.com/s/files/1/0673/3185/0545/products/product7_d9346ef3-9532-4e6a-b2b9-b28f3ee766d5.jpg?v=1676480961,2,,,,,,,,,,,,,,,,,,,,,,,,,,
chino-short,,,,,,,,,,,,,,,,,,,,,,,,,https://cdn.shopify.com/s/files/1/0673/3185/0545/products/product8_f83f5320-1476-41db-9971-222158e71ce2.jpg?v=1676480961,3,,,,,,,,,,,,,,,,,,,,,,,,,,
chino-short,,,,,,,,,,,,,,,,,,,,,,,,,https://cdn.shopify.com/s/files/1/0673/3185/0545/products/product9_3c9c6365-a47b-46d2-b592-440244481fed.jpg?v=1676480961,4,,,,,,,,,,,,,,,,,,,,,,,,,,
chino-short,,,,,,,,,,,,,,,,,,,,,,,,,https://cdn.shopify.com/s/files/1/0673/3185/0545/products/product10.jpg?v=1676480961,5,,,,,,,,,,,,,,,,,,,,,,,,,,
performance-chino,Stripe textured dress,"<p><span>Performance chinos: Great in theory, but most are too crinkly, too tech-y, and too expensive. So we made a pair with all the technical-pant features—they’re sweat-wicking, quick-drying, and have 4-way stretch—plus an authentic chino look designed for everyday wear.</span></p>",partners-demo,,"","black, women",true,Title,Default Title,,,,,AWSSSV,0.0,shopify,1000,deny,manual,56.00,,true,true,"",https://cdn.shopify.com/s/files/1/0673/3185/0545/products/above-footer3_f278df35-10e8-4bf2-9545-efcae986ed8c.jpg?v=1676481566,1,,false,,,,,,,,,,,,,,,,,kg,,,true,true,,,active
performance-chino,,,,,,,,,,,,,,,,,,,,,,,,,https://cdn.shopify.com/s/files/1/0673/3185/0545/products/above-footer4_2b0e2e2d-d85c-4642-96ad-5c8b263f86d4.jpg?v=1676481573,2,,,,,,,,,,,,,,,,,,,,,,,,,,
performance-chino,,,,,,,,,,,,,,,,,,,,,,,,,https://cdn.shopify.com/s/files/1/0673/3185/0545/products/banner1_283e7cca-ad0f-43a9-bbee-dddaa3d6c21e.jpg?v=1676481573,3,,,,,,,,,,,,,,,,,,,,,,,,,,
performance-chino,,,,,,,,,,,,,,,,,,,,,,,,,https://cdn.shopify.com/s/files/1/0673/3185/0545/products/blog-about-author_5bb01cd7-5d7a-4d1b-8376-246e96a2b20e.jpg?v=1676481573,4,,,,,,,,,,,,,,,,,,,,,,,,,,
performance-chino,,,,,,,,,,,,,,,,,,,,,,,,,https://cdn.shopify.com/s/files/1/0673/3185/0545/products/Create-your-own-style.jpg?v=1676481573,5,,,,,,,,,,,,,,,,,,,,,,,,,,
glove-mule-in-reknit,Orisco Vaeriutoel,"<p><span>This heel's a real pick-me-up. Made of our breathable ReKnit fabric, the Glove Mule has a sleek holds-you-in fit and the perfect amount of stretch for all-day comfort. Complete with a modern square toe, textured rib detailing, a walkable heel, and a cushioned insole, this shoe fits like a glove and looks damn good. Plus it's made from renewed plastic bottles (five per pair, to be exact), so you and the planet can look your best.</span></p>",partners-demo,,"",women,true,Title,Default Title,,,,,PILLAS,0.0,shopify,1000,deny,manual,70.00,,true,true,"",https://cdn.shopify.com/s/files/1/0673/3185/0545/products/product4_16804b91-b153-4d14-87b5-6e5c5e80e63b.jpg?v=1676480776,1,,false,,,,,,,,,,,,,,,,,kg,,,true,true,,,active
glove-mule-in-reknit,,,,,,,,,,,,,,,,,,,,,,,,,https://cdn.shopify.com/s/files/1/0673/3185/0545/products/product5_ecf05414-7e33-44f1-b262-227daca4d7d9.jpg?v=1676480818,2,,,,,,,,,,,,,,,,,,,,,,,,,,
glove-mule-in-reknit,,,,,,,,,,,,,,,,,,,,,,,,,https://cdn.shopify.com/s/files/1/0673/3185/0545/products/product6_c079fd03-6e7f-4c6e-9f51-6919af494b8e.jpg?v=1676480818,3,,,,,,,,,,,,,,,,,,,,,,,,,,
glove-mule-in-reknit,,,,,,,,,,,,,,,,,,,,,,,,,https://cdn.shopify.com/s/files/1/0673/3185/0545/products/product7_b7d6d03d-27d0-49f0-9023-1a522de2f51a.jpg?v=1676480818,4,,,,,,,,,,,,,,,,,,,,,,,,,,
glove-mule-in-reknit,,,,,,,,,,,,,,,,,,,,,,,,,https://cdn.shopify.com/s/files/1/0673/3185/0545/products/product8.jpg?v=1676480818,5,,,,,,,,,,,,,,,,,,,,,,,,,,
twill-weekender,Medium denim overshirt,"<div class=""sticky-kit__element is_stuck"">
<div class=""product-page__sidebar"">
<div class=""product-page__options"">
<div>
<div class=""product-page__info"">
<section class=""product-description"">
<p class=""product-description__container"">The perfect carry-on updated, with a new durable dyed twill fabrication.</p>
</section>
</div>
</div>
</div>
</div>
</div>",partners-demo,,"","green, men",true,Title,Default Title,,,,,VDRFH,0.0,shopify,1000,deny,manual,65.00,,true,true,"",https://cdn.shopify.com/s/files/1/0673/3185/0545/products/above-footer1_67da992a-d824-48f0-85e5-cd2a008d3231.jpg?v=1676481524,1,,false,,,,,,,,,,,,,,,,,kg,,,true,true,,,active
twill-weekender,,,,,,,,,,,,,,,,,,,,,,,,,https://cdn.shopify.com/s/files/1/0673/3185/0545/products/above-footer2_6a270d18-0343-469c-9edb-d437482424d9.jpg?v=1676481531,2,,,,,,,,,,,,,,,,,,,,,,,,,,
twill-weekender,,,,,,,,,,,,,,,,,,,,,,,,,https://cdn.shopify.com/s/files/1/0673/3185/0545/products/above-footer3_7aefe22f-a1bb-43e2-be80-d87ca254ffb6.jpg?v=1676481531,3,,,,,,,,,,,,,,,,,,,,,,,,,,
twill-weekender,,,,,,,,,,,,,,,,,,,,,,,,,https://cdn.shopify.com/s/files/1/0673/3185/0545/products/above-footer4_26cf9cf0-3bfd-42d6-aac1-705e609b5087.jpg?v=1676481531,4,,,,,,,,,,,,,,,,,,,,,,,,,,
twill-weekender,,,,,,,,,,,,,,,,,,,,,,,,,https://cdn.shopify.com/s/files/1/0673/3185/0545/products/banner1_e17c8e68-cda0-474e-80bc-a6082d592404.jpg?v=1676481531,5,,,,,,,,,,,,,,,,,,,,,,,,,,
day-square-tote,Hooded Puffer Jacket,"<p>Womens black leather bag, with ample space. Can be worn over the shoulder, or remove straps to carry in your hand.</p>",partners-demo,,"","leather, women, yellow",true,Title,Default Title,,,,,"",0.0,,1,deny,manual,30.00,,true,true,"",https://cdn.shopify.com/s/files/1/0673/3185/0545/products/product5_837d73e2-ce96-412f-991b-282cc3ee6fb7.jpg?v=1676480902,1,,false,,,,,,,,,,,,,,,,,kg,,,true,true,,,active
day-square-tote,,,,,,,,,,,,,,,,,,,,,,,,,https://cdn.shopify.com/s/files/1/0673/3185/0545/products/product6_ae014bda-4ebf-4693-8fab-8b0bbb29e957.jpg?v=1676480928,2,,,,,,,,,,,,,,,,,,,,,,,,,,
day-square-tote,,,,,,,,,,,,,,,,,,,,,,,,,https://cdn.shopify.com/s/files/1/0673/3185/0545/products/product7_6bf71107-2e34-44c9-b67f-86062e39473c.jpg?v=1676480928,3,,,,,,,,,,,,,,,,,,,,,,,,,,
day-square-tote,,,,,,,,,,,,,,,,,,,,,,,,,https://cdn.shopify.com/s/files/1/0673/3185/0545/products/product8_ad69d503-5b2a-41c8-85a1-c6544224ffa9.jpg?v=1676480928,4,,,,,,,,,,,,,,,,,,,,,,,,,,
day-square-tote,,,,,,,,,,,,,,,,,,,,,,,,,https://cdn.shopify.com/s/files/1/0673/3185/0545/products/product9.jpg?v=1676480928,5,,,,,,,,,,,,,,,,,,,,,,,,,,
slim-fit-jean,Tropical Leaf Print Ruched Top,"<p><span>Easy and slim—but not skinny. The Slim Fit Jean is made of premium 11 oz Japanese denim that feels substantial, but has a touch of stretch for comfort. Need we say more?</span></p>",partners-demo,,"",women,true,Title,Default Title,,,,,SDXXC,0.0,shopify,0,deny,manual,46.00,,true,true,"",https://cdn.shopify.com/s/files/1/0673/3185/0545/products/product12_a58b3b9a-bf23-4f73-813a-865ce051ccc5.jpg?v=1676481170,1,,false,,,,,,,,,,,,,,,,,kg,,,true,true,,,active
slim-fit-jean,,,,,,,,,,,,,,,,,,,,,,,,,https://cdn.shopify.com/s/files/1/0673/3185/0545/products/product13_c9bcc077-d2cd-44ab-bc4a-22890944c499.jpg?v=1676481180,2,,,,,,,,,,,,,,,,,,,,,,,,,,
slim-fit-jean,,,,,,,,,,,,,,,,,,,,,,,,,https://cdn.shopify.com/s/files/1/0673/3185/0545/products/product14_d573f061-8eef-4d5b-ba38-f0909e65f345.jpg?v=1676481180,3,,,,,,,,,,,,,,,,,,,,,,,,,,
slim-fit-jean,,,,,,,,,,,,,,,,,,,,,,,,,https://cdn.shopify.com/s/files/1/0673/3185/0545/products/product15_1dfd2a74-b3db-419d-b86f-2c2c4833ce3f.jpg?v=1676481180,4,,,,,,,,,,,,,,,,,,,,,,,,,,
slim-fit-jean,,,,,,,,,,,,,,,,,,,,,,,,,https://cdn.shopify.com/s/files/1/0673/3185/0545/products/product16.jpg?v=1676481180,5,,,,,,,,,,,,,,,,,,,,,,,,,,
baseball-cap,Slim-fit leaf-print linen shirt,"<div>
<div class=""product-page__info"">
<section class=""product-description"">
<p class=""product-description__container"">The world’s lightest baseball cap—that we know of. The Baseball Cap is made of lightweight, breathable 4.2 oz cotton poplin, with brushed metal hardware and tonal embroidery. Talk about a home run.</p>
</section>
</div>
</div>
<div class=""product-page__info"">
<div class=""styled-products""></div>
</div>",partners-demo,,"","gray, men, polyester",true,Title,Default Title,,,,,BBF,0.0,shopify,1000,deny,manual,34.00,,true,true,"",https://cdn.shopify.com/s/files/1/0673/3185/0545/products/above-footer2_320162c6-7a17-4375-9347-af229daf9175.jpg?v=1676481546,1,,false,,,,,,,,,,,,,,,,,kg,,,true,true,,,active
baseball-cap,,,,,,,,,,,,,,,,,,,,,,,,,https://cdn.shopify.com/s/files/1/0673/3185/0545/products/above-footer3_b2d1f08c-5814-4e04-87d4-4efeb87ee0ca.jpg?v=1676481553,2,,,,,,,,,,,,,,,,,,,,,,,,,,
baseball-cap,,,,,,,,,,,,,,,,,,,,,,,,,https://cdn.shopify.com/s/files/1/0673/3185/0545/products/above-footer4_3ad0838e-d14a-4d0b-bd7d-3cd2cf243dcb.jpg?v=1676481553,3,,,,,,,,,,,,,,,,,,,,,,,,,,
baseball-cap,,,,,,,,,,,,,,,,,,,,,,,,,https://cdn.shopify.com/s/files/1/0673/3185/0545/products/banner1_e3e607c9-163d-4257-b2b2-a6adcbaf20e4.jpg?v=1676481553,4,,,,,,,,,,,,,,,,,,,,,,,,,,
baseball-cap,,,,,,,,,,,,,,,,,,,,,,,,,https://cdn.shopify.com/s/files/1/0673/3185/0545/products/blog-about-author.jpg?v=1676481553,5,,,,,,,,,,,,,,,,,,,,,,,,,,
long-slip,Light Beige Court Shoes,"<p>Classic dark denim top with chest pockets, long sleeves with buttoned cuffs, and a ripped hem effect.</p>",partners-demo,,"","red, supima, women",true,Title,Default Title,,,,,"",0.0,,1,deny,manual,60.00,80.00,true,true,"",https://cdn.shopify.com/s/files/1/0673/3185/0545/products/product13_6aa707eb-c514-46df-bf72-4c794f64f1c7.jpg?v=1676481200,1,,false,,,,,,,,,,,,,,,,,kg,,,true,true,,,active
long-slip,,,,,,,,,,,,,,,,,,,,,,,,,https://cdn.shopify.com/s/files/1/0673/3185/0545/products/product14_4c4acc6f-0bf6-4740-aa44-8fd2733b5d23.jpg?v=1676481214,2,,,,,,,,,,,,,,,,,,,,,,,,,,
long-slip,,,,,,,,,,,,,,,,,,,,,,,,,https://cdn.shopify.com/s/files/1/0673/3185/0545/products/product15_99107444-dce3-41c9-9921-c53fbdac008d.jpg?v=1676481215,3,,,,,,,,,,,,,,,,,,,,,,,,,,
long-slip,,,,,,,,,,,,,,,,,,,,,,,,,https://cdn.shopify.com/s/files/1/0673/3185/0545/products/product16_1a82aa0f-6cf8-4216-995f-2d3588699802.jpg?v=1676481215,4,,,,,,,,,,,,,,,,,,,,,,,,,,
long-slip,,,,,,,,,,,,,,,,,,,,,,,,,https://cdn.shopify.com/s/files/1/0673/3185/0545/products/product17.jpg?v=1676481215,5,,,,,,,,,,,,,,,,,,,,,,,,,,
classic-leather-jacket,Formal Men Lowers,"<p>Womans zipped leather jacket. Adjustable belt for a comfortable fit, complete with shoulder pads and front zip pocket.</p>",partners-demo,,"",women,true,Title,Default Title,,,,,KUI98,0.0,,1,deny,manual,80.00,,true,true,"",https://cdn.shopify.com/s/files/1/0673/3185/0545/products/above-footer3_3311607b-adca-4147-8d58-cb2148360103.jpg?v=1676481826,1,,false,,,,,,,,,,,,,,,,,kg,,,true,true,,,active
classic-leather-jacket,,,,,,,,,,,,,,,,,,,,,,,,,https://cdn.shopify.com/s/files/1/0673/3185/0545/products/above-footer2_1a9401b6-f42f-4d3b-af37-fa8dd2e4645c.jpg?v=1676481826,2,,,,,,,,,,,,,,,,,,,,,,,,,,
classic-leather-jacket,,,,,,,,,,,,,,,,,,,,,,,,,https://cdn.shopify.com/s/files/1/0673/3185/0545/products/above-footer4_a0a788c4-7cd3-42ad-b48d-75728a5d27ca.jpg?v=1676481790,3,,,,,,,,,,,,,,,,,,,,,,,,,,
classic-leather-jacket,,,,,,,,,,,,,,,,,,,,,,,,,https://cdn.shopify.com/s/files/1/0673/3185/0545/products/banner1.jpg?v=1676481790,4,,,,,,,,,,,,,,,,,,,,,,,,,,
classic-leather-jacket,,,,,,,,,,,,,,,,,,,,,,,,,https://cdn.shopify.com/s/files/1/0673/3185/0545/products/product8_89e8433b-5368-4d45-a851-3ba7af0d3e96.jpg?v=1676481826,5,,,,,,,,,,,,,,,,,,,,,,,,,,
day-market-tote,Voluminous Draped Top,"<p><span>Your do-it-all bag. Longer and taller than the Day Square Tote, the Day Market Tote can carry you through even your most packed schedule—laptop included. This structured bag is made of premium Italian leather that always looks polished, from your morning commute to an evening nightcap.</span></p>",partners-demo,,"",women,true,Title,Default Title,,,,,WHFRYG,0.0,shopify,1000,deny,manual,49.00,,true,true,"",https://cdn.shopify.com/s/files/1/0673/3185/0545/products/product7_30bee442-8a98-494b-8400-b2438b8f1e28.jpg?v=1676480989,1,,false,,,,,,,,,,,,,,,,,kg,,,true,true,,,active
day-market-tote,,,,,,,,,,,,,,,,,,,,,,,,,https://cdn.shopify.com/s/files/1/0673/3185/0545/products/product8_547ca1bb-47c0-4b95-ad4a-251a5bc5703a.jpg?v=1676481003,2,,,,,,,,,,,,,,,,,,,,,,,,,,
day-market-tote,,,,,,,,,,,,,,,,,,,,,,,,,https://cdn.shopify.com/s/files/1/0673/3185/0545/products/product9_d4dc0733-831c-4de3-a4d9-e429169fab96.jpg?v=1676481004,3,,,,,,,,,,,,,,,,,,,,,,,,,,
day-market-tote,,,,,,,,,,,,,,,,,,,,,,,,,https://cdn.shopify.com/s/files/1/0673/3185/0545/products/product10_cc07e2db-5b23-4ac7-b8de-8d860e94aadd.jpg?v=1676481004,4,,,,,,,,,,,,,,,,,,,,,,,,,,
day-market-tote,,,,,,,,,,,,,,,,,,,,,,,,,https://cdn.shopify.com/s/files/1/0673/3185/0545/products/product11.jpg?v=1676481004,5,,,,,,,,,,,,,,,,,,,,,,,,,,
renew-bra,Hooded Puffer Jacket,<p>Stylish sleeveless white top with a floral pattern.</p>,partners-demo,,"",women,true,Title,Default Title,,,,,"",0.0,,1,deny,manual,75.00,,true,true,"",https://cdn.shopify.com/s/files/1/0673/3185/0545/products/product8_31d59207-59fb-4fa0-8b55-c3524298f970.jpg?v=1676481037,1,,false,,,,,,,,,,,,,,,,,kg,,,true,true,,,active
renew-bra,,,,,,,,,,,,,,,,,,,,,,,,,https://cdn.shopify.com/s/files/1/0673/3185/0545/products/product9_307696ca-3bfe-47f3-a8a1-d6a5af93568a.jpg?v=1676481051,2,,,,,,,,,,,,,,,,,,,,,,,,,,
renew-bra,,,,,,,,,,,,,,,,,,,,,,,,,https://cdn.shopify.com/s/files/1/0673/3185/0545/products/product10_d63f1418-c4fb-4355-841b-f36b4b1017f1.jpg?v=1676481051,3,,,,,,,,,,,,,,,,,,,,,,,,,,
renew-bra,,,,,,,,,,,,,,,,,,,,,,,,,https://cdn.shopify.com/s/files/1/0673/3185/0545/products/product11_12a56a03-e39c-4365-86b1-c7e89641065c.jpg?v=1676481051,4,,,,,,,,,,,,,,,,,,,,,,,,,,
renew-bra,,,,,,,,,,,,,,,,,,,,,,,,,https://cdn.shopify.com/s/files/1/0673/3185/0545/products/product12.jpg?v=1676481051,5,,,,,,,,,,,,,,,,,,,,,,,,,,
organic-cotton-crew,Auaperiarz Skirt,"<p><span>The t-shirt that started it all for us—now certified organic. An iconic tee, with clean lines and a classic crew neck. The fabric is a midweight, durable organic cotton that gets softer over time. This T-shirt is certified organic—from seed to shirt. The Global Organic Textile Standard (GOTS) certification takes over a year to account for every step of production—from the processing of certified organic fiber into yarn, to the dyehouses, mills, factories, and printers.</span></p>",partners-demo,,"","crosssell, men, organic-cotton, red",true,Title,Default Title,,,,,VTGFH,0.0,shopify,1000,deny,manual,40.00,,true,true,"",https://cdn.shopify.com/s/files/1/0673/3185/0545/products/product1.jpg?v=1676480542,1,,false,,,,,,,,,,,,,,,,,kg,,,true,true,,,active
organic-cotton-crew,,,,,,,,,,,,,,,,,,,,,,,,,https://cdn.shopify.com/s/files/1/0673/3185/0545/products/product2.jpg?v=1676480556,2,,,,,,,,,,,,,,,,,,,,,,,,,,
organic-cotton-crew,,,,,,,,,,,,,,,,,,,,,,,,,https://cdn.shopify.com/s/files/1/0673/3185/0545/products/product3.jpg?v=1676480556,3,,,,,,,,,,,,,,,,,,,,,,,,,,
organic-cotton-crew,,,,,,,,,,,,,,,,,,,,,,,,,https://cdn.shopify.com/s/files/1/0673/3185/0545/products/product4.jpg?v=1676480556,4,,,,,,,,,,,,,,,,,,,,,,,,,,
organic-cotton-crew,,,,,,,,,,,,,,,,,,,,,,,,,https://cdn.shopify.com/s/files/1/0673/3185/0545/products/product5.jpg?v=1676480556,5,,,,,,,,,,,,,,,,,,,,,,,,,,
puff-sleeve-top,Flared Skirt,"<p>Womens casual varsity top, This grey and black buttoned top is a sport-inspired piece complete with an embroidered letter.</p>",partners-demo,,"","women, yellow",true,Size,Small,,,,,,0.0,,1,deny,manual,60.00,,true,true,,https://cdn.shopify.com/s/files/1/0673/3185/0545/products/product3_79360daa-ca3b-4b14-9218-5e10e02265db.jpg?v=1676480735,1,,false,,,,,,,,,,,,,,,,,kg,,,true,true,,,active
puff-sleeve-top,,,,,,,,,Medium,,,,,,0.0,,1,deny,manual,60.00,,true,true,,https://cdn.shopify.com/s/files/1/0673/3185/0545/products/product4_23df4cdd-b854-47ac-8b84-6218de7f416f.jpg?v=1676480755,2,,,,,,,,,,,,,,,,,,,kg,,,,,,,
puff-sleeve-top,,,,,,,,,Large,,,,,,0.0,,1,deny,manual,60.00,,true,true,,https://cdn.shopify.com/s/files/1/0673/3185/0545/products/product5_c5edabaa-5072-4a11-8cf7-337084335749.jpg?v=1676480755,3,,,,,,,,,,,,,,,,,,,kg,,,,,,,
puff-sleeve-top,,,,,,,,,,,,,,,,,,,,,,,,,https://cdn.shopify.com/s/files/1/0673/3185/0545/products/product6_1265474c-658f-47db-afe9-71f7ffeb47e0.jpg?v=1676480755,4,,,,,,,,,,,,,,,,,,,,,,,,,,
puff-sleeve-top,,,,,,,,,,,,,,,,,,,,,,,,,https://cdn.shopify.com/s/files/1/0673/3185/0545/products/product7.jpg?v=1676480755,5,,,,,,,,,,,,,,,,,,,,,,,,,,
human-bandana,Textured Round Neck Kurta,"<p><span>We launched the 100% Human Collection to support two things that matter to us—protecting human rights and remembering that we are more the same than we are different. For every 100% Human product sold, we’re proud to donate 10% of sales to the </span><a href=""https://www.aclu.org/"" target=""_blank"" rel=""noopener noreferrer"">ACLU</a><span>. To date, we've donated over $500K through this program. </span><a href=""https://www.instagram.com/explore/tags/humantogether/"" target=""_blank"" rel=""noopener noreferrer"">#HumanTogether</a><span></span><br></p>",partners-demo,,"","blue, men",true,Title,Default Title,,,,,VFDZG,0.0,shopify,1000,deny,manual,30.00,,true,true,"",https://cdn.shopify.com/s/files/1/0673/3185/0545/products/product17_7c7f5b78-c515-4fe5-b163-b7c90632ecbb.jpg?v=1676481414,1,,false,,,,,,,,,,,,,,,,,kg,,,true,true,,,active
human-bandana,,,,,,,,,,,,,,,,,,,,,,,,,https://cdn.shopify.com/s/files/1/0673/3185/0545/products/above-footer1_10fa7380-1516-4658-8cd0-385e4584bdbf.jpg?v=1676481423,2,,,,,,,,,,,,,,,,,,,,,,,,,,
human-bandana,,,,,,,,,,,,,,,,,,,,,,,,,https://cdn.shopify.com/s/files/1/0673/3185/0545/products/above-footer2.jpg?v=1676481423,3,,,,,,,,,,,,,,,,,,,,,,,,,,
human-bandana,,,,,,,,,,,,,,,,,,,,,,,,,https://cdn.shopify.com/s/files/1/0673/3185/0545/products/product18_873b22fe-c6e3-47d0-ab7f-1b82b7fd3ff3.jpg?v=1676481423,4,,,,,,,,,,,,,,,,,,,,,,,,,,
human-bandana,,,,,,,,,,,,,,,,,,,,,,,,,https://cdn.shopify.com/s/files/1/0673/3185/0545/products/product19_9be2e985-e1cb-408a-a4a6-a03cee4a1ed8.jpg?v=1676481423,5,,,,,,,,,,,,,,,,,,,,,,,,,,
air-cami,Trousers With Slant Pockets,"<div>
<div class=""product-page__info"">
<section class=""product-description"">
<p class=""product-description__container"">The lightest, softest cami in our lineup. Made of super-light, drapey cotton, the Air Cami has a relaxed fit, rounded V-neckline, and curved hem detailing. Goes easy with denim—or dress it up with a blazer.</p>
</section>
</div>
</div>",Acme,Apparel & Accessories > Clothing,Shirts,"blue, deal, medium, polyester, small, upsell, women",true,Title,Small,,,,,shirt-s,200.0,,0,deny,manual,20.00,25.00,true,true,,https://cdn.shopify.com/s/files/1/0673/3185/0545/products/product9_dfb44117-83d0-4d4a-969e-17d42eeee9ef.jpg?v=1676481071,1,,false,Our awesome T-shirt in 70 characters or less.,A great description of your products in 320 characters or less,Apparel & Accessories > Clothing,Unisex,Adult,7X8ABC910,T-shirts,"cotton, pre-shrunk",used,FALSE,,,,,,,g,,,true,true,,,active
air-cami,,,,,,,,,Medium,,,,,shirt-m,200.0,shopify,1000,deny,manual,20.00,25.00,true,true,,https://cdn.shopify.com/s/files/1/0673/3185/0545/products/product10_72c3c747-b9b1-4245-b11b-1dc4fa00184d.jpg?v=1676481081,2,,,,,,,,,,,,,,,,,,,g,,,,,,,
air-cami,,,,,,,,,,,,,,,,,,,,,,,,,https://cdn.shopify.com/s/files/1/0673/3185/0545/products/product11_fec64d00-bcc8-4281-8bd2-0400411c1348.jpg?v=1676481081,3,,,,,,,,,,,,,,,,,,,,,,,,,,
air-cami,,,,,,,,,,,,,,,,,,,,,,,,,https://cdn.shopify.com/s/files/1/0673/3185/0545/products/product12_e074b8cf-2e1c-4f86-bc51-d64ce22944eb.jpg?v=1676481081,4,,,,,,,,,,,,,,,,,,,,,,,,,,
air-cami,,,,,,,,,,,,,,,,,,,,,,,,,https://cdn.shopify.com/s/files/1/0673/3185/0545/products/product13.jpg?v=1676481081,5,,,,,,,,,,,,,,,,,,,,,,,,,,
